Workbook
Name K: {#N/A,#N/A,FALSE,"FRANCE MONTH DETAIL FFR";#N/A,#N/A,FALSE,"FRANCE MONTH DETAIL NLG";#N/A,#N/A,FALSE,"FRANCE YTD DETAIL FFR";#N/A,#N/A,FALSE,"FRANCE YTD DETAIL NLG"}
Name J: #N/A
Name Q: #N/A
Name B: [40]Competitors!$S$26:$Z$44
Name \0: [3]Competitors!$A$12:$A$22
Name \A: #REF!
Name \B: #REF!
Name \C: #REF!
Name \L: #REF!
Name \M: #REF!
Name \p: '[2]AU Zone'!$U$2
Name \R: #REF!
Name \S: #REF!
Name \W: #REF!
Name \Z: #REF!
Name _?: #REF!
Name _??????: #REF!
Name __?: #REF!
Name __??????: #REF!
Name ________________123Graph_ACHART_3: [4]Competitors!$E$5:$E$10
Name ______________123Graph_ACHART_3: [4]Competitors!$E$5:$E$10
Name _____________Key1: #N/A
Name _____________Key2: #N/A
Name ____________AFF2: #N/A
Name ____________Key1: #REF!
Name ____________Key2: #REF!
Name ___________AFF1: #REF!
Name ___________AFF2: #REF!
Name ___________Key1: #REF!
Name ___________Key2: #REF!
Name ___________UPD1: #REF!
Name ___________UPD2: #REF!
Name __________AFF2: #REF!
Name __________Key1: #REF!
Name __________Key2: #REF!
Name _________AFF1: #REF!
Name _________AFF2: #REF!
Name _________Key1: #REF!
Name _________Key2: #REF!
Name _________UPD1: #REF!
Name _________UPD2: #REF!
Name ________123Graph_ACHART_3: #N/A
Name ________123Graph_CCHART_3: [5]Competitors!$I$5:$I$10
Name ________123Graph_DCHART_3: #N/A
Name ________123Graph_DCHART_4: [5]Competitors!$K$12:$K$22
Name ________AFF1: #REF!
Name ________AFF2: #REF!
Name ________Key1: #REF!
Name ________Key2: #REF!
Name ________UPD1: #REF!
Name ________UPD2: #REF!
Name _______123Graph_ACHART_3: [5]Competitors!$E$5:$E$10
Name _______123Graph_ACHART_4: #N/A
Name _______123Graph_BCHART_3: #N/A
Name _______123Graph_BCHART_4: #N/A
Name _______123Graph_CCHART_3: #N/A
Name _______123Graph_CCHART_4: #N/A
Name _______123Graph_DCHART_3: [7]Competitors!$K$5:$K$10
Name _______123Graph_DCHART_4: #N/A
Name _______123Graph_ECHART_3: #N/A

Sheet 明细
A1: File Name | B1: SKU Name | C1: Additional Data | D1: 箱数 | E1: FBA Warehouse | G1: 单箱数量 | H1: 总数 | I1: 单个净重 | J1: 总净重 | K1: 包装盒重量 | L1: 箱子重量 | M1: 单箱重量 | N1: 总毛重 | O1: 单价 | P1: 体积 | R1: 长 | S1: 宽 | T1: 高 | U1: 商品统称 | V1: HS | W1: 目的地 | X1: 英文目的地 | Y1: 仓库地址全 | Z1: 申报要素 | AA1: 境内货源地 | AB1: 起运港 | AC1: 离境口岸 | AD1: 申报单位 | AE1: 法定单位 | AF1: 国家编码 | AG1: 货币编码
G2: {=IFERROR(INDEX(商品管理!J:J,MATCH(B2,商品管理!A:A,0)),"")} | H2: {=D2*G2+IFERROR(VALUE(INDEX(#REF!,MATCH(B2,#REF!,0))),0)} -> #VALUE! | I2: {=IFERROR(INDEX(商品管理!K:K,MATCH(B2,商品管理!A:A,0)),"")} | J2: =H2*I2 -> #VALUE! | K2: {=IFERROR(INDEX(商品管理!L:L,MATCH(B2,商品管理!A:A,0)),"")} | L2: 1.5 | M2: =I2*G2+L2+G2*K2 -> #VALUE! | N2: =J2+D2*1.6+G2*D2*K2 -> #VALUE! | O2: {=IFERROR(INDEX(商品管理!P:P,MATCH(B2,商品管理!A:A,0)),"")} | P2: =R2*S2*T2*D2/1000000 -> #VALUE! | R2: {=IFERROR(INDEX(商品管理!Q:Q,MATCH(B2,商品管理!A:A,0)),"")} | S2: {=IFERROR(INDEX(商品管理!R:R,MATCH(B2,商品管理!A:A,0)),"")} | T2: {=IFERROR(INDEX(商品管理!S:S,MATCH(B2,商品管理!A:A,0)),"")} | U2: {=IFERROR(INDEX(商品管理!B:B,MATCH(B2,商品管理!A:A,0)),"")} | V2: {=IFERROR(INDEX(商品管理!C:C,MATCH(B2,商品管理!A:A,0)),"")} | Y2: {=IFERROR(INDEX(FBA仓库代码表!F:F,MATCH(E2,FBA仓库代码表!B:B,0)),"")} | Z2: {="申报要素："&IFERROR(INDEX(商品管理!D:D,MATCH(B2,商品管理!A:A,0)),"")} -> 申报要素： | AA2: 广东东莞 | AD2: {=IFERROR(INDEX(商品管理!E:E,MATCH(B2,商品管理!A:A,0)),"")} | AE2: {=IFERROR(INDEX(商品管理!F:F,MATCH(B2,商品管理!A:A,0)),"")} | AF2: {=IFERROR(INDEX(FBA仓库代码表!G:G,MATCH(E2,FBA仓库代码表!B:B,0)),"")} | AG2: {=IFERROR(INDEX(FBA仓库代码表!H:H,MATCH(E2,FBA仓库代码表!B:B,0)),"")}
AD142: {=IFERROR(INDEX(商品管理!E:E,MATCH(B142,商品管理!A:A,0)),"")} | AE142: {=IFERROR(INDEX(商品管理!F:F,MATCH(B142,商品管理!A:A,0)),"")} | AF142: {=IFERROR(INDEX(FBA仓库代码表!G:G,MATCH(E142,FBA仓库代码表!B:B,0)),"")} | AG142: {=IFERROR(INDEX(FBA仓库代码表!H:H,MATCH(E142,FBA仓库代码表!B:B,0)),"")}
AD143: {=IFERROR(INDEX(商品管理!E:E,MATCH(B143,商品管理!A:A,0)),"")} | AE143: {=IFERROR(INDEX(商品管理!F:F,MATCH(B143,商品管理!A:A,0)),"")} | AF143: {=IFERROR(INDEX(FBA仓库代码表!G:G,MATCH(E143,FBA仓库代码表!B:B,0)),"")} | AG143: {=IFERROR(INDEX(FBA仓库代码表!H:H,MATCH(E143,FBA仓库代码表!B:B,0)),"")}
AD144: {=IFERROR(INDEX(商品管理!E:E,MATCH(B144,商品管理!A:A,0)),"")} | AE144: {=IFERROR(INDEX(商品管理!F:F,MATCH(B144,商品管理!A:A,0)),"")} | AF144: {=IFERROR(INDEX(FBA仓库代码表!G:G,MATCH(E144,FBA仓库代码表!B:B,0)),"")} | AG144: {=IFERROR(INDEX(FBA仓库代码表!H:H,MATCH(E144,FBA仓库代码表!B:B,0)),"")}
AD145: {=IFERROR(INDEX(商品管理!E:E,MATCH(B145,商品管理!A:A,0)),"")} | AE145: {=IFERROR(INDEX(商品管理!F:F,MATCH(B145,商品管理!A:A,0)),"")} | AF145: {=IFERROR(INDEX(FBA仓库代码表!G:G,MATCH(E145,FBA仓库代码表!B:B,0)),"")} | AG145: {=IFERROR(INDEX(FBA仓库代码表!H:H,MATCH(E145,FBA仓库代码表!B:B,0)),"")}
AD146: {=IFERROR(INDEX(商品管理!E:E,MATCH(B146,商品管理!A:A,0)),"")} | AE146: {=IFERROR(INDEX(商品管理!F:F,MATCH(B146,商品管理!A:A,0)),"")} | AF146: {=IFERROR(INDEX(FBA仓库代码表!G:G,MATCH(E146,FBA仓库代码表!B:B,0)),"")} | AG146: {=IFERROR(INDEX(FBA仓库代码表!H:H,MATCH(E146,FBA仓库代码表!B:B,0)),"")}
AD147: {=IFERROR(INDEX(商品管理!E:E,MATCH(B147,商品管理!A:A,0)),"")} | AE147: {=IFERROR(INDEX(商品管理!F:F,MATCH(B147,商品管理!A:A,0)),"")} | AF147: {=IFERROR(INDEX(FBA仓库代码表!G:G,MATCH(E147,FBA仓库代码表!B:B,0)),"")} | AG147: {=IFERROR(INDEX(FBA仓库代码表!H:H,MATCH(E147,FBA仓库代码表!B:B,0)),"")}
AD148: {=IFERROR(INDEX(商品管理!E:E,MATCH(B148,商品管理!A:A,0)),"")} | AE148: {=IFERROR(INDEX(商品管理!F:F,MATCH(B148,商品管理!A:A,0)),"")} | AF148: {=IFERROR(INDEX(FBA仓库代码表!G:G,MATCH(E148,FBA仓库代码表!B:B,0)),"")} | AG148: {=IFERROR(INDEX(FBA仓库代码表!H:H,MATCH(E148,FBA仓库代码表!B:B,0)),"")}
AD149: {=IFERROR(INDEX(商品管理!E:E,MATCH(B149,商品管理!A:A,0)),"")} | AE149: {=IFERROR(INDEX(商品管理!F:F,MATCH(B149,商品管理!A:A,0)),"")} | AF149: {=IFERROR(INDEX(FBA仓库代码表!G:G,MATCH(E149,FBA仓库代码表!B:B,0)),"")} | AG149: {=IFERROR(INDEX(FBA仓库代码表!H:H,MATCH(E149,FBA仓库代码表!B:B,0)),"")}
AD150: {=IFERROR(INDEX(商品管理!E:E,MATCH(B150,商品管理!A:A,0)),"")} | AE150: {=IFERROR(INDEX(商品管理!F:F,MATCH(B150,商品管理!A:A,0)),"")} | AF150: {=IFERROR(INDEX(FBA仓库代码表!G:G,MATCH(E150,FBA仓库代码表!B:B,0)),"")} | AG150: {=IFERROR(INDEX(FBA仓库代码表!H:H,MATCH(E150,FBA仓库代码表!B:B,0)),"")}
AD151: {=IFERROR(INDEX(商品管理!E:E,MATCH(B151,商品管理!A:A,0)),"")} | AE151: {=IFERROR(INDEX(商品管理!F:F,MATCH(B151,商品管理!A:A,0)),"")} | AF151: {=IFERROR(INDEX(FBA仓库代码表!G:G,MATCH(E151,FBA仓库代码表!B:B,0)),"")} | AG151: {=IFERROR(INDEX(FBA仓库代码表!H:H,MATCH(E151,FBA仓库代码表!B:B,0)),"")}
AD152: {=IFERROR(INDEX(商品管理!E:E,MATCH(B152,商品管理!A:A,0)),"")} | AE152: {=IFERROR(INDEX(商品管理!F:F,MATCH(B152,商品管理!A:A,0)),"")} | AF152: {=IFERROR(INDEX(FBA仓库代码表!G:G,MATCH(E152,FBA仓库代码表!B:B,0)),"")} | AG152: {=IFERROR(INDEX(FBA仓库代码表!H:H,MATCH(E152,FBA仓库代码表!B:B,0)),"")}
AD153: {=IFERROR(INDEX(商品管理!E:E,MATCH(B153,商品管理!A:A,0)),"")} | AE153: {=IFERROR(INDEX(商品管理!F:F,MATCH(B153,商品管理!A:A,0)),"")} | AF153: {=IFERROR(INDEX(FBA仓库代码表!G:G,MATCH(E153,FBA仓库代码表!B:B,0)),"")} | AG153: {=IFERROR(INDEX(FBA仓库代码表!H:H,MATCH(E153,FBA仓库代码表!B:B,0)),"")}
... AD301: {=IFERROR(INDEX(商品管理!E:E,MATCH(B301,商品管理!A:A,0)),"")} | AE301: {=IFERROR(INDEX(商品管理!F:F,MATCH(B301,商品管理!A:A,0)),"")} | AF301: {=IFERROR(INDEX(FBA仓库代码表!G:G,MATCH(E301,FBA仓库代码表!B:B,0)),"")} | AG301: {=IFERROR(INDEX(FBA仓库代码表!H:H,MATCH(E301,FBA仓库代码表!B:B,0)),"")}
AD302: {=IFERROR(INDEX(商品管理!E:E,MATCH(B302,商品管理!A:A,0)),"")} | AF302: {=IFERROR(INDEX(FBA仓库代码表!G:G,MATCH(E302,FBA仓库代码表!B:B,0)),"")}

Sheet 商品管理
A1: *商品货号 | B1: *商品名称 | C1: *商品编码 | D1: *规格型号 | E1: *申报计量单位 | F1: *法定计量单位 | G1: 第二计量单位 | H1: *销售订单商品sku | I1: *商品数量比 | J1: 单箱数量 | K1: 单个净重 | L1: 包装盒重量 | M1: 单箱净重 | N1: 单箱毛重 | O1: 单箱体积 | P1: 单价 | Q1: 长 | R1: 宽 | S1: 高 | T1: 境内货源地 | U1: 商品单位
A2: AV-CMB-Mini-White | B2: 化妆包 | C2: 4202920000 | D2: 3|2|化妆包|人造革+PVC|AV-CMB-Mini-White | E2: 007 | F2: 035 | G2: 007 | H2: AV-CMB-Mini-White | I2: 2 | M2: =J2*K2 -> #VALUE! | N2: =M2+J2*L2+1.5 -> #VALUE!
A3: AV-CMB-WS | B3: 化妆包 | C3: 4202920000 | D3: 3|2|化妆包|人造革+PVC|AV-CMB-WS | E3: 007 | F3: 035 | G3: 007 | H3: AV-CMB-WS | I3: 1 | J3: 42 | K3: 0.24 | L3: 0.1 | M3: =J3*K3 -> 10.08 | N3: =M3+J3*L3+1.5 -> 15.78 | P3: 16 | Q3: 53 | R3: 47 | S3: 51
A4: Z6-Z0WQ-CRCK | B4: 化妆包 | C4: 4202920000 | D4: 3|2|化妆包|人造革+PVC|Z6-Z0WQ-CRCK | E4: 007 | F4: 035 | G4: 007 | H4: Z6-Z0WQ-CRCK | I4: 1 | J4: 24 | K4: 0.33 | L4: 0.1 | M4: =J4*K4 -> 7.92 | N4: =M4+J4*L4+1.5 -> 11.82 | P4: 26 | Q4: 53 | R4: 40 | S4: 56
A5: AV-CMB-DLW-M | B5: 化妆包 | C5: 4202920000 | D5: 3|2|化妆包|人造革+PVC|AV-CMB-DLW-M | E5: 007 | F5: 035 | G5: 007 | H5: AV-CMB-DLW-M | I5: 1 | M5: =J5*K5 -> #VALUE! | N5: =M5+J5*L5+1.5 -> #VALUE!
A6: AV-CMB-WS-Thin | B6: 化妆包 | C6: 4202920000 | D6: 3|2|化妆包|人造革+PVC|AV-CMB-WS-Thin | E6: 007 | F6: 035 | G6: 007 | H6: AV-CMB-WS-Thin | I6: 1 | J6: 84 | K6: 0.14 | L6: 0.6 | M6: =J6*K6 -> 11.76 | N6: =M6+J6*L6+1.5 -> 63.66 | P6: 18 | Q6: 53 | R6: 47 | S6: 51
A7: AV-CMB-LM-White | B7: 化妆包 | C7: 4202920000 | D7: 3|2|化妆包|人造革+PVC|AV-CMB-LM-White | E7: 006 | F7: 035 | G7: 007 | H7: AV-CMB-LM-White | I7: 2 | J7: 24 | K7: 0.57 | L7: 0.1 | M7: =J7*K7 -> 13.68 | N7: =M7+J7*L7+1.5 -> 17.58 | P7: 34 | Q7: 53 | R7: 40 | S7: 56
A8: AV-CMB-DLW1 | B8: 化妆包 | C8: 4202920000 | D8: 3|2|化妆包|人造革+PVC|AV-CMB-DLW1 | E8: 007 | F8: 035 | G8: 007 | H8: AV-CMB-DLW1 | I8: 1 | J8: 20 | K8: 0.45 | L8: 0.18 | M8: =J8*K8 -> 9 | N8: =M8+J8*L8+1.5 -> 14.1 | P8: 32.5 | Q8: 55.5 | R8: 43 | S8: 56.5
A9: AV-CMB-Mini-Pink-New | B9: 化妆包 | C9: 4202920000 | D9: 3|2|化妆包|人造革+PVC|AV-CMB-Mini-Pink-New | E9: 007 | F9: 035 | G9: 007 | H9: AV-CMB-Mini-Pink-New | I9: 1 | M9: =J9*K9 -> #VALUE! | N9: =M9+J9*L9+1.5 -> #VALUE!
A10: AV-CMB-PK | B10: 化妆包 | C10: 4202920000 | D10: 3|2|化妆包|人造革+PVC|AV-CMB-PK | E10: 007 | F10: 035 | G10: 007 | H10: AV-CMB-PK | I10: 1 | M10: =J10*K10 -> #VALUE! | N10: =M10+J10*L10+1.5 -> #VALUE!
A11: H9-6F0N-20M3 | B11: 化妆包 | C11: 4202920000 | D11: 3|2|化妆包|人造革+PVC|H9-6F0N-20M3 | E11: 007 | F11: 035 | G11: 007 | H11: H9-6F0N-20M3 | I11: 1 | M11: =J11*K11 -> #VALUE! | N11: =M11+J11*L11+1.5 -> #VALUE!
A12: AV-CMB-DLP-M | B12: 化妆包 | C12: 4202920000 | D12: 3|2|化妆包|人造革+PVC|AV-CMB-DLP-M | E12: 007 | F12: 035 | G12: 007 | H12: AV-CMB-DLP-M | I12: 1 | J12: 24 | K12: 0.39 | L12: 0.18 | M12: =J12*K12 -> 9.36 | N12: =M12+J12*L12+1.5 -> 15.18 | P12: 31.5 | Q12: 51 | R12: 57.5 | S12: 44
A13: AV-CMB-DLP | B13: 化妆包 | C13: 4202920000 | D13: 3|2|化妆包|人造革+PVC|AV-CMB-DLP | E13: 007 | F13: 035 | G13: 007 | H13: AV-CMB-DLP | I13: 1 | M13: =J13*K13 -> #VALUE! | N13: =M13+J13*L13+1.5 -> #VALUE!
A14: AV-CMB-Pink-Thin | B14: 化妆包 | C14: 4202920000 | D14: 3|2|化妆包|人造革+PVC|AV-CMB-Pink-Thin | E14: 007 | F14: 035 | G14: 007 | H14: AV-CMB-Pink-Thin | I14: 1 | M14: =J14*K14 -> #VALUE! | N14: =M14+J14*L14+1.5 -> #VALUE!
A15: AV-CMB-LM-Pink | B15: 化妆包 | C15: 4202920000 | D15: 3|2|化妆包|人造革+PVC|AV-CMB-LM-Pink | E15: 006 | F15: 035 | G15: 007 | H15: AV-CMB-LM-Pink | I15: 2 | J15: 24 | K15: 0.57 | L15: 0.1 | M15: =J15*K15 -> 13.68 | N15: =M15+J15*L15+1.5 -> 17.58 | P15: 36 | Q15: 53 | R15: 40 | S15: 56
A16: AV-CMB-Black-Mini | B16: 化妆包 | C16: 4202920000 | D16: 3|2|化妆包|人造革+PVC|AV-CMB-Black-Mini | E16: 007 | F16: 035 | G16: 007 | H16: AV-CMB-Black-Mini | I16: 1 | M16: =J16*K16 -> #VALUE! | N16: =M16+J16*L16+1.5 -> #VALUE!
A17: AV-CMB-Mini-Black-New | B17: 化妆包 | C17: 4202920000 | D17: 3|2|化妆包|人造革+PVC|AV-CMB-Mini-Black-New | E17: 007 | F17: 035 | G17: 007 | H17: AV-CMB-Mini-Black-New | I17: 1 | M17: =J17*K17 -> #VALUE! | N17: =M17+J17*L17+1.5 -> #VALUE!
A18: P7-ERIK-PUBF | B18: 化妆包 | C18: 4202920000 | D18: 3|2|化妆包|人造革+PVC|P7-ERIK-PUBF | E18: 007 | F18: 035 | G18: 007 | H18: P7-ERIK-PUBF | I18: 1 | J18: 42 | K18: 0.24 | L18: 0 | M18: =J18*K18 -> 10.08 | N18: =M18+J18*L18+1.5 -> 11.58 | P18: 19 | Q18: 53 | R18: 47 | S18: 51
A19: F2-UBOI-C3KC | B19: 化妆包 | C19: 4202920000 | D19: 3|2|化妆包|人造革+PVC|F2-UBOI-C3KC | E19: 007 | F19: 035 | G19: 007 | H19: F2-UBOI-C3KC | I19: 1 | M19: =J19*K19 -> #VALUE! | N19: =M19+J19*L19+1.5 -> #VALUE!
A20: AV-CMB-DLBlack-M | B20: 化妆包 | C20: 4202920000 | D20: 3|2|化妆包|人造革+PVC|AV-CMB-DLBlack-M | E20: 007 | F20: 035 | G20: 007 | H20: AV-CMB-DLBlack-M | I20: 1 | M20: =J20*K20 -> #VALUE! | N20: =M20+J20*L20+1.5 -> #VALUE!
A21: AV-CMB-DLBlack | B21: 化妆包 | C21: 4202920000 | D21: 3|2|化妆包|人造革+PVC|AV-CMB-DLBlack | E21: 007 | F21: 035 | G21: 007 | H21: AV-CMB-DLBlack | I21: 1 | J21: 20 | K21: 0.45 | L21: 0.18 | M21: =J21*K21 -> 9 | N21: =M21+J21*L21+1.5 -> 14.1 | P21: 32.5 | Q21: 55.5 | R21: 43 | S21: 56.5
A22: AV-CMB-Black-Thin | B22: 化妆包 | C22: 4202920000 | D22: 3|2|化妆包|人造革+PVC|AV-CMB-Black-Thin | E22: 007 | F22: 035 | G22: 007 | H22: AV-CMB-Black-Thin | I22: 1 | J22: 84 | K22: 0.14 | L22: 0.6 | M22: =J22*K22 -> 11.76 | N22: =M22+J22*L22+1.5 -> 63.66 | P22: 18 | Q22: 53 | R22: 47 | S22: 51
A23: AV-CMB-LM-Black | B23: 化妆包 | C23: 4202920000 | D23: 3|2|化妆包|人造革+PVC|AV-CMB-LM-Black | E23: 006 | F23: 035 | G23: 007 | H23: AV-CMB-LM-Black | I23: 2 | M23: =J23*K23 -> #VALUE! | N23: =M23+J23*L23+1.5 -> #VALUE!
A24: AV-CMB-Blue-Mini | B24: 化妆包 | C24: 4202920000 | D24: 3|2|化妆包|人造革+PVC|AV-CMB-Blue-Mini | E24: 007 | F24: 035 | G24: 007 | H24: AV-CMB-Blue-Mini | I24: 1 | M24: =J24*K24 -> #VALUE! | N24: =M24+J24*L24+1.5 -> #VALUE!
A25: AV-CMB-Mini-Blue-Gray | B25: 化妆包 | C25: 4202920000 | D25: 3|2|化妆包|人造革+PVC|AV-CMB-Mini-Blue-Gray | E25: 007 | F25: 035 | G25: 007 | H25: AV-CMB-Mini-Blue-Gray | I25: 1 | M25: =J25*K25 -> #VALUE! | N25: =M25+J25*L25+1.5 -> #VALUE!
A26: AV-CMB-BlueM | B26: 化妆包 | C26: 4202920000 | D26: 3|2|化妆包|人造革+PVC|AV-CMB-BlueM | E26: 007 | F26: 035 | G26: 007 | H26: AV-CMB-BlueM | I26: 1 | M26: =J26*K26 -> #VALUE! | N26: =M26+J26*L26+1.5 -> #VALUE!
A27: AV-CMB-BlueL | B27: 化妆包 | C27: 4202920000 | D27: 3|2|化妆包|人造革+PVC|AV-CMB-BlueL | E27: 007 | F27: 035 | G27: 007 | H27: AV-CMB-BlueL | I27: 1 | M27: =J27*K27 -> #VALUE! | N27: =M27+J27*L27+1.5 -> #VALUE!
A28: AV-CMB-LM-Blue | B28: 化妆包 | C28: 4202920000 | D28: 3|2|化妆包|人造革+PVC|AV-CMB-LM-Blue | E28: 006 | F28: 035 | G28: 007 | H28: AV-CMB-LM-Blue | I28: 2 | J28: 24 | K28: 0.57 | L28: 0.1 | M28: =J28*K28 -> 13.68 | N28: =M28+J28*L28+1.5 -> 17.58 | P28: 36 | Q28: 53 | R28: 40 | S28: 56
A29: AV-CMB-Lilac-Mini | B29: 化妆包 | C29: 4202920000 | D29: 3|2|化妆包|人造革+PVC|AV-CMB-Lilac-Mini | E29: 007 | F29: 035 | G29: 007 | H29: AV-CMB-Lilac-Mini | I29: 1 | M29: =J29*K29 -> #VALUE! | N29: =M29+J29*L29+1.5 -> #VALUE!
A30: AV-CMB-LilacM | B30: 化妆包 | C30: 4202920000 | D30: 3|2|化妆包|人造革+PVC|AV-CMB-LilacM | E30: 007 | F30: 035 | G30: 007 | H30: AV-CMB-LilacM | I30: 1 | M30: =J30*K30 -> #VALUE! | N30: =M30+J30*L30+1.5 -> #VALUE!
A31: AV-CMB-LilacL | B31: 化妆包 | C31: 4202920000 | D31: 3|2|化妆包|人造革+PVC|AV-CMB-LilacL | E31: 007 | F31: 035 | G31: 007 | H31: AV-CMB-LilacL | I31: 1 | M31: =J31*K31 -> #VALUE! | N31: =M31+J31*L31+1.5 -> #VALUE!
A32: AV-CMB-D-Large-Lilac | B32: 化妆包 | C32: 4202920000 | D32: 3|2|化妆包|人造革+PVC|AV-CMB-D-Large-Lilac | E32: 007 | F32: 035 | G32: 007 | H32: AV-CMB-D-Large-Lilac | I32: 1 | J32: 20 | K32: 0.45 | L32: 0.18 | M32: =J32*K32 -> 9 | N32: =M32+J32*L32+1.5 -> 14.1 | P32: 32.5 | Q32: 55.5 | R32: 43 | S32: 56.5
A33: AV-CMB-PitayaPink-Mini | B33: 化妆包 | C33: 4202920000 | D33: 3|2|化妆包|人造革+PVC|AV-CMB-PitayaPink-Mini | E33: 007 | F33: 035 | G33: 007 | H33: AV-CMB-PitayaPink-Mini | I33: 1 | M33: =J33*K33 -> #VALUE! | N33: =M33+J33*L33+1.5 -> #VALUE!
A34: AV-CMB-PitayaPink-M | B34: 化妆包 | C34: 4202920000 | D34: 3|2|化妆包|人造革+PVC|AV-CMB-PitayaPink-M | E34: 007 | F34: 035 | G34: 007 | H34: AV-CMB-PitayaPink-M | I34: 1 | M34: =J34*K34 -> #VALUE! | N34: =M34+J34*L34+1.5 -> #VALUE!
A35: AV-CMB-PitayaPink-L | B35: 化妆包 | C35: 4202920000 | D35: 3|2|化妆包|人造革+PVC|AV-CMB-PitayaPink-L | E35: 007 | F35: 035 | G35: 007 | H35: AV-CMB-PitayaPink-L | I35: 1 | M35: =J35*K35 -> #VALUE! | N35: =M35+J35*L35+1.5 -> #VALUE!
A36: AV-CMB-DL-PitayaPink | B36: 化妆包 | C36: 4202920000 | D36: 3|2|化妆包|人造革+PVC|AV-CMB-DL-PitayaPink | E36: 007 | F36: 035 | G36: 007 | H36: AV-CMB-DL-PitayaPink | I36: 1 | M36: =J36*K36 -> #VALUE! | N36: =M36+J36*L36+1.5 -> #VALUE!
A37: AV-CMB-Mini-Taupe | B37: 化妆包 | C37: 4202920000 | D37: 3|2|化妆包|人造革+PVC|AV-CMB-Mini-Taupe | E37: 007 | F37: 035 | G37: 007 | H37: AV-CMB-Mini-Taupe | I37: 1 | M37: =J37*K37 -> #VALUE! | N37: =M37+J37*L37+1.5 -> #VALUE!
A38: AV-CMB-TaupeM | B38: 化妆包 | C38: 4202920000 | D38: 3|2|化妆包|人造革+PVC|AV-CMB-TaupeM | E38: 007 | F38: 035 | G38: 007 | H38: AV-CMB-TaupeM | I38: 1 | M38: =J38*K38 -> #VALUE! | N38: =M38+J38*L38+1.5 -> #VALUE!
A39: HQ-GXLM-GJBG | B39: 化妆包 | C39: 4202920000 | D39: 3|2|化妆包|人造革+PVC|HQ-GXLM-GJBG | E39: 007 | F39: 035 | G39: 007 | H39: HQ-GXLM-GJBG | I39: 1 | M39: =J39*K39 -> #VALUE! | N39: =M39+J39*L39+1.5 -> #VALUE!
A40: AV-CMB-DLW-Brown | B40: 化妆包 | C40: 4202920000 | D40: 3|2|化妆包|人造革+PVC|AV-CMB-DLW-Brown | E40: 007 | F40: 035 | G40: 007 | H40: AV-CMB-DLW-Brown | I40: 1 | M40: =J40*K40 -> #VALUE! | N40: =M40+J40*L40+1.5 -> #VALUE!
A41: AV-CMB-Taupe-Thin | B41: 化妆包 | C41: 4202920000 | D41: 3|2|化妆包|人造革+PVC|AV-CMB-Taupe-Thin | E41: 007 | F41: 035 | G41: 007 | H41: AV-CMB-Taupe-Thin | I41: 1 | J41: 84 | K41: 0.14 | L41: 0.6 | M41: =J41*K41 -> 11.76 | N41: =M41+J41*L41+1.5 -> 63.66 | P41: 18 | Q41: 53 | R41: 47 | S41: 51
A42: AV-CMB-Grey-Mini | B42: 化妆包 | C42: 4202920000 | D42: 3|2|化妆包|人造革+PVC|AV-CMB-Grey-Mini | E42: 007 | F42: 035 | G42: 007 | H42: AV-CMB-Grey-Mini | I42: 1 | M42: =J42*K42 -> #VALUE! | N42: =M42+J42*L42+1.5 -> #VALUE!
A43: AV-CMB-Grey-M | B43: 化妆包 | C43: 4202920000 | D43: 3|2|化妆包|人造革+PVC|AV-CMB-Grey-M | E43: 007 | F43: 035 | G43: 007 | H43: AV-CMB-Grey-M | I43: 1 | M43: =J43*K43 -> #VALUE! | N43: =M43+J43*L43+1.5 -> #VALUE!
A44: AV-CMB-Grey-L | B44: 化妆包 | C44: 4202920000 | D44: 3|2|化妆包|人造革+PVC|AV-CMB-Grey-L | E44: 007 | F44: 035 | G44: 007 | H44: AV-CMB-Grey-L | I44: 1 | M44: =J44*K44 -> #VALUE! | N44: =M44+J44*L44+1.5 -> #VALUE!
A45: AV-CMB-DL-Grey | B45: 化妆包 | C45: 4202920000 | D45: 3|2|化妆包|人造革+PVC|AV-CMB-DL-Grey | E45: 007 | F45: 035 | G45: 007 | H45: AV-CMB-DL-Grey | I45: 1 | J45: 20 | K45: 0.45 | L45: 0.18 | M45: =J45*K45 -> 9 | N45: =M45+J45*L45+1.5 -> 14.1 | P45: 32.5 | Q45: 55.5 | R45: 43 | S45: 56.5
A46: AV-CMB-Grey-Thin | B46: 化妆包 | C46: 4202920000 | D46: 3|2|化妆包|人造革+PVC|AV-CMB-Grey-Thin | E46: 007 | F46: 035 | G46: 007 | H46: AV-CMB-Grey-Thin | I46: 1 | M46: =J46*K46 -> #VALUE! | N46: =M46+J46*L46+1.5 -> #VALUE!
A47: AV-CMB-PitayaPink-Thin | B47: 化妆包 | C47: 4202920000 | D47: 3|2|化妆包|人造革+PVC|AV-CMB-PitayaPink-Thin | E47: 007 | F47: 035 | G47: 007 | H47: AV-CMB-PitayaPink-Thin | I47: 1 | J47: 84 | K47: 0.14 | L47: 0.6 | M47: =J47*K47 -> 11.76 | N47: =M47+J47*L47+1.5 -> 63.66 | P47: 18 | Q47: 53 | R47: 47 | S47: 51
A48: AV-CMB-Lilac-Thin | B48: 化妆包 | C48: 4202920000 | D48: 3|2|化妆包|人造革+PVC|AV-CMB-Lilac-Thin | E48: 007 | F48: 035 | G48: 007 | H48: AV-CMB-Lilac-Thin | I48: 1 | M48: =J48*K48 -> #VALUE! | N48: =M48+J48*L48+1.5 -> #VALUE!
A49: AV-CMB-Brown | B49: 化妆包 | C49: 4202920000 | D49: 3|2|化妆包|人造革+PVC|AV-CMB-Brown | E49: 007 | F49: 035 | G49: 007 | H49: AV-CMB-Brown | I49: 1 | M49: =J49*K49 -> #VALUE! | N49: =M49+J49*L49+1.5 -> #VALUE!
A50: AV-CMB-W-Mini-Midi | B50: 化妆包 | C50: 4202920000 | D50: 3|2|化妆包|人造革+PVC|AV-CMB-W-Mini-Midi | E50: 006 | F50: 035 | G50: 007 | H50: AV-CMB-W-Mini-Midi | I50: 2 | J50: 42 | K50: 0.4 | L50: 0.1 | M50: =J50*K50 -> 16.8 | N50: =M50+J50*L50+1.5 -> 22.5 | P50: 33 | Q50: 53 | R50: 47 | S50: 51
A51: AV-CMB-Taupe-Mini-Midi | B51: 化妆包 | C51: 4202920000 | D51: 3|2|化妆包|人造革+PVC|AV-CMB-Taupe-Mini-Midi | E51: 006 | F51: 035 | G51: 007 | H51: AV-CMB-Taupe-Mini-Midi | I51: 2 | M51: =J51*K51 -> #VALUE! | N51: =M51+J51*L51+1.5 -> #VALUE!
A52: AV-CMB-Pink-Mini-Midi | B52: 化妆包 | C52: 4202920000 | D52: 3|2|化妆包|人造革+PVC|AV-CMB-Pink-Mini-Midi | E52: 006 | F52: 035 | G52: 007 | H52: AV-CMB-Pink-Mini-Midi | I52: 2 | M52: =J52*K52 -> #VALUE! | N52: =M52+J52*L52+1.5 -> #VALUE!
A53: AV-CMB-Black-Mini-Midi | B53: 化妆包 | C53: 4202920000 | D53: 3|2|化妆包|人造革+PVC|AV-CMB-Black-Mini-Midi | E53: 006 | F53: 035 | G53: 007 | H53: AV-CMB-Black-Mini-Midi | I53: 2 | M53: =J53*K53 -> #VALUE! | N53: =M53+J53*L53+1.5 -> #VALUE!
A54: AV-LCMB-White1 | B54: 化妆包 | C54: 4202920000 | D54: 3|2|化妆包|人造革+PVC|AV-LCMB-White1 | E54: 007 | F54: 035 | G54: 007 | H54: AV-LCMB-White1 | I54: 1 | M54: =J54*K54 -> #VALUE! | N54: =M54+J54*L54+1.5 -> #VALUE!
A55: AV-LCMB-Pink1 | B55: 化妆包 | C55: 4202920000 | D55: 3|2|化妆包|人造革+PVC|AV-LCMB-Pink1 | E55: 007 | F55: 035 | G55: 007 | H55: AV-LCMB-Pink1 | I55: 1 | J55: 24 | K55: 0.3 | L55: 0.1 | M55: =J55*K55 -> 7.2 | N55: =M55+J55*L55+1.5 -> 11.1 | P55: 23 | Q55: 52 | R55: 54.5 | S55: 44
A56: AV-LCMB-Black1 | B56: 化妆包 | C56: 4202920000 | D56: 3|2|化妆包|人造革+PVC|AV-LCMB-Black1 | E56: 007 | F56: 035 | G56: 007 | H56: AV-LCMB-Black1 | I56: 1 | J56: 24 | K56: 0.3 | L56: 0.1 | M56: =J56*K56 -> 7.2 | N56: =M56+J56*L56+1.5 -> 11.1 | P56: 23 | Q56: 52 | R56: 54.5 | S56: 44
A57: AV-FL-Flower | B57: 化妆包 | C57: 4202920000 | D57: 0|2|化妆包|人造革|AV-FL-Flower | E57: 007 | F57: 035 | G57: 007 | H57: AV-FL-Flower | I57: 1 | M57: =J57*K57 -> #VALUE! | N57: =M57+J57*L57+1.5 -> #VALUE!
A58: AV-FL-Flamingo | B58: 化妆包 | C58: 4202920000 | D58: 0|2|化妆包|人造革|AV-FL-Flamingo | E58: 007 | F58: 035 | G58: 007 | H58: AV-FL-Flamingo | I58: 1 | M58: =J58*K58 -> #VALUE! | N58: =M58+J58*L58+1.5 -> #VALUE!
A59: AV-FL-Cat | B59: 化妆包 | C59: 4202920000 | D59: 0|2|化妆包|人造革|AV-FL-Cat | E59: 007 | F59: 035 | G59: 007 | H59: AV-FL-Cat | I59: 1 | M59: =J59*K59 -> #VALUE! | N59: =M59+J59*L59+1.5 -> #VALUE!
A60: AV-FL-Bunny | B60: 化妆包 | C60: 4202920000 | D60: 0|2|化妆包|人造革|AV-FL-Bunny | E60: 007 | F60: 035 | G60: 007 | H60: AV-FL-Bunny | I60: 1 | J60: 24 | K60: 0.28 | L60: 0 | M60: =J60*K60 -> 6.72 | N60: =M60+J60*L60+1.5 -> 8.22 | P60: 23 | Q60: 57 | R60: 52 | S60: 39
A61: AV-FL-MoonCat | B61: 化妆包 | C61: 4202920000 | D61: 0|2|化妆包|人造革|AV-FL-MoonCat | E61: 007 | F61: 035 | G61: 007 | H61: AV-FL-MoonCat | I61: 1 | J61: 24 | K61: 0.28 | L61: 0 | M61: =J61*K61 -> 6.72 | N61: =M61+J61*L61+1.5 -> 8.22 | P61: 23 | Q61: 57 | R61: 52 | S61: 39
A62: AV-FL-Otter | B62: 化妆包 | C62: 4202920000 | D62: 0|2|化妆包|人造革|AV-FL-Otter | E62: 007 | F62: 035 | G62: 007 | H62: AV-FL-Otter | I62: 1 | J62: 24 | K62: 0.28 | L62: 0 | M62: =J62*K62 -> 6.72 | N62: =M62+J62*L62+1.5 -> 8.22 | P62: 23 | Q62: 57 | R62: 52 | S62: 39
A63: AV-CrossB-White | B63: 斜挎包 | C63: 4202129000 | D63: 3|2|运动包|人造革+PVC|AV-CrossB-White | E63: 007 | F63: 035 | G63: 007 | H63: AV-CrossB-White | I63: 1 | M63: =J63*K63 -> #VALUE! | N63: =M63+J63*L63+1.5 -> #VALUE!
A64: AV-CrossB-Black | B64: 斜挎包 | C64: 4202129000 | D64: 3|2|运动包|人造革+PVC|AV-CrossB-Black | E64: 007 | F64: 035 | G64: 007 | H64: AV-CrossB-Black | I64: 1 | J64: 66 | K64: 0.17 | L64: 0 | M64: =J64*K64 -> 11.22 | N64: =M64+J64*L64+1.5 -> 12.72 | P64: 11 | Q64: 51.5 | R64: 45 | S64: 52.5
A65: AV-CrossB-White-S1 | B65: 斜挎包 | C65: 4202129000 | D65: 3|2|运动包|人造革+PVC|AV-CrossB-White-S1 | E65: 007 | F65: 035 | G65: 007 | H65: AV-CrossB-White-S1 | I65: 1 | M65: =J65*K65 -> #VALUE! | N65: =M65+J65*L65+1.5 -> #VALUE!
A66: AV-CrossB-Black-S1 | B66: 斜挎包 | C66: 4202129000 | D66: 3|2|运动包|人造革+PVC|AV-CrossB-Black-S1 | E66: 007 | F66: 035 | G66: 007 | H66: AV-CrossB-Black-S1 | I66: 1 | M66: =J66*K66 -> #VALUE! | N66: =M66+J66*L66+1.5 -> #VALUE!
A67: AV-CrossB-Beige | B67: 斜挎包 | C67: 4202129000 | D67: 3|2|运动包|人造革+PVC|AV-CrossB-Beige | E67: 007 | F67: 035 | G67: 007 | H67: AV-CrossB-Beige | I67: 1 | J67: 66 | K67: 0.17 | L67: 0 | M67: =J67*K67 -> 11.22 | N67: =M67+J67*L67+1.5 -> 12.72 | P67: 11 | Q67: 51.5 | R67: 45 | S67: 52.5
A68: AV-CrossB-Pink | B68: 斜挎包 | C68: 4202129000 | D68: 3|2|运动包|人造革+PVC|AV-CrossB-Pink | E68: 007 | F68: 035 | G68: 007 | H68: AV-CrossB-Pink | I68: 1 | J68: 66 | K68: 0.17 | L68: 0 | M68: =J68*K68 -> 11.22 | N68: =M68+J68*L68+1.5 -> 12.72 | P68: 11 | Q68: 51.5 | R68: 45 | S68: 52.5
A69: AV-CrossB-Orange | B69: 斜挎包 | C69: 4202129000 | D69: 3|2|运动包|人造革+PVC|AV-CrossB-Orange | E69: 007 | F69: 035 | G69: 007 | H69: AV-CrossB-Orange | I69: 1 | J69: 66 | K69: 0.17 | L69: 0 | M69: =J69*K69 -> 11.22 | N69: =M69+J69*L69+1.5 -> 12.72 | P69: 11 | Q69: 51.5 | R69: 45 | S69: 52.5
A70: AV-CrossB-Blue | B70: 斜挎包 | C70: 4202129000 | D70: 3|2|运动包|人造革+PVC|AV-CrossB-Blue | E70: 007 | F70: 035 | G70: 007 | H70: AV-CrossB-Blue | I70: 1 | J70: 66 | K70: 0.17 | L70: 0 | M70: =J70*K70 -> 11.22 | N70: =M70+J70*L70+1.5 -> 12.72 | P70: 11 | Q70: 51.5 | R70: 45 | S70: 52.5
A71: AV-CrossB-Gold | B71: 斜挎包 | C71: 4202129000 | D71: 3|2|运动包|人造革+PVC|AV-CrossB-Gold | E71: 007 | F71: 035 | G71: 007 | H71: AV-CrossB-Gold | I71: 1 | M71: =J71*K71 -> #VALUE! | N71: =M71+J71*L71+1.5 -> #VALUE!
A72: AV-CrossB-White-OrangeFlower | B72: 斜挎包 | C72: 4202129000 | D72: 3|2|运动包|人造革+PVC|AV-CrossB-White-OrangeFlower | E72: 007 | F72: 035 | G72: 007 | H72: AV-CrossB-White-OrangeFlower | I72: 1 | M72: =J72*K72 -> #VALUE! | N72: =M72+J72*L72+1.5 -> #VALUE!
A73: AV-CrossB-Black-BlueFlower | B73: 斜挎包 | C73: 4202129000 | D73: 3|2|运动包|人造革+PVC|AV-CrossB-Black-BlueFlower | E73: 007 | F73: 035 | G73: 007 | H73: AV-CrossB-Black-BlueFlower | I73: 1 | M73: =J73*K73 -> #VALUE! | N73: =M73+J73*L73+1.5 -> #VALUE!
A74: AV-PTB-Kakhi | B74: 斜挎包 | C74: 4202129000 | D74: 3|2|运动包|涤纶|AV-PTB-Kakhi | E74: 007 | F74: 035 | G74: 007 | H74: AV-PTB-Kakhi | I74: 1 | M74: =J74*K74 -> #VALUE! | N74: =M74+J74*L74+1.5 -> #VALUE!
A75: AV-PTB-Black | B75: 斜挎包 | C75: 4202129000 | D75: 3|2|运动包|涤纶|AV-PTB-Black | E75: 007 | F75: 035 | G75: 007 | H75: AV-PTB-Black | I75: 1 | M75: =J75*K75 -> #VALUE! | N75: =M75+J75*L75+1.5 -> #VALUE!
A76: AV-PTB-Pink | B76: 斜挎包 | C76: 4202129000 | D76: 3|2|运动包|涤纶|AV-PTB-Pink | E76: 007 | F76: 035 | G76: 007 | H76: AV-PTB-Pink | I76: 1 | M76: =J76*K76 -> #VALUE! | N76: =M76+J76*L76+1.5 -> #VALUE!
A77: AV-CTB-BlueWhite-M | B77: 帆布包 | C77: 4202129000 | D77: 3|2|运动包|帆布(棉60%，涤纶40%)|AV-CTB-BlueWhite-M | E77: 007 | F77: 035 | G77: 007 | H77: AV-CTB-BlueWhite-M | I77: 1 | M77: =J77*K77 -> #VALUE! | N77: =M77+J77*L77+1.5 -> #VALUE!
A78: AV-CTB-RedWhite-M | B78: 帆布包 | C78: 4202129000 | D78: 3|2|运动包|帆布(棉60%，涤纶40%)|AV-CTB-RedWhite-M | E78: 007 | F78: 035 | G78: 007 | H78: AV-CTB-RedWhite-M | I78: 1 | M78: =J78*K78 -> #VALUE! | N78: =M78+J78*L78+1.5 -> #VALUE!
A79: AV-CNP-Sand | B79: 化妆包 | C79: 4202920000 | D79: 0|2|化妆包|尼龙+PVC|AV-CNP-Sand | E79: 007 | F79: 035 | G79: 007 | H79: AV-CNP-Sand | I79: 1 | M79: =J79*K79 -> #VALUE! | N79: =M79+J79*L79+1.5 -> #VALUE!
A80: AV-CNP-Black | B80: 化妆包 | C80: 4202920000 | D80: 0|2|化妆包|尼龙+PVC|AV-CNP-Black | E80: 007 | F80: 035 | G80: 007 | H80: AV-CNP-Black | I80: 1 | M80: =J80*K80 -> #VALUE! | N80: =M80+J80*L80+1.5 -> #VALUE!
A81: AV-CNP-Pink | B81: 化妆包 | C81: 4202920000 | D81: 0|2|化妆包|尼龙+PVC|AV-CNP-Pink | E81: 007 | F81: 035 | G81: 007 | H81: AV-CNP-Pink | I81: 1 | M81: =J81*K81 -> #VALUE! | N81: =M81+J81*L81+1.5 -> #VALUE!
A82: AV-CNP-Green | B82: 化妆包 | C82: 4202920000 | D82: 0|2|化妆包|尼龙+PVC|AV-CNP-Green | E82: 007 | F82: 035 | G82: 007 | H82: AV-CNP-Green | I82: 1 | M82: =J82*K82 -> #VALUE! | N82: =M82+J82*L82+1.5 -> #VALUE!
... A87: AV-CNP-Black-M | B87: 化妆包 | C87: 4202920000 | D87: 0|2|化妆包|尼龙+PVC|AV-CNP-Black-M | E87: 007 | F87: 035 | G87: 007 | H87: AV-CNP-Black-M | I87: 1 | M87: =J87*K87 -> #VALUE! | N87: =M87+J87*L87+1.5 -> #VALUE!
A88: AV-MZP-Cream-S | B88: 化妆包 | C88: 4202920000 | D88: 3|2|化妆包|人造革|AV-MZP-Cream-S | E88: 007 | F88: 035 | G88: 007 | H88: AV-MZP-Cream-S | I88: 1 | J88: 48 | K88: 0.16 | L88: 0 | M88: =J88*K88 -> 7.68 | N88: =M88+J88*L88+1.5 -> 9.18 | P88: 14 | Q88: 42 | R88: 42 | S88: 60
A89: AV-MZP-Gold-S | B89: 化妆包 | C89: 4202920000 | D89: 3|2|化妆包|人造革|AV-MZP-Gold-S | E89: 007 | F89: 035 | G89: 007 | H89: AV-MZP-Gold-S | I89: 1 | M89: =J89*K89 -> #VALUE! | N89: =M89+J89*L89+1.5 -> #VALUE!
A90: AV-MZP-Pink-S | B90: 化妆包 | C90: 4202920000 | D90: 3|2|化妆包|人造革|AV-MZP-Pink-S | E90: 007 | F90: 035 | G90: 007 | H90: AV-MZP-Pink-S | I90: 1 | M90: =J90*K90 -> #VALUE! | N90: =M90+J90*L90+1.5 -> #VALUE!
A91: AV-MZP-DustyRose-S | B91: 化妆包 | C91: 4202920000 | D91: 3|2|化妆包|人造革|AV-MZP-DustyRose-S | E91: 007 | F91: 035 | G91: 007 | H91: AV-MZP-DustyRose-S | I91: 1 | M91: =J91*K91 -> #VALUE! | N91: =M91+J91*L91+1.5 -> #VALUE!
A92: AV-MZP-Camel-S | B92: 化妆包 | C92: 4202920000 | D92: 3|2|化妆包|人造革|AV-MZP-Camel-S | E92: 007 | F92: 035 | G92: 007 | H92: AV-MZP-Camel-S | I92: 1 | M92: =J92*K92 -> #VALUE! | N92: =M92+J92*L92+1.5 -> #VALUE!
A93: AV-MZP-Brown-S | B93: 化妆包 | C93: 4202920000 | D93: 3|2|化妆包|人造革|AV-MZP-Brown-S | E93: 007 | F93: 035 | G93: 007 | H93: AV-MZP-Brown-S | I93: 1 | M93: =J93*K93 -> #VALUE! | N93: =M93+J93*L93+1.5 -> #VALUE!
A94: VS-VRGC-VWJS | B94: 化妆包 | C94: 4202920000 | D94: 3|2|化妆包|人造革|VS-VRGC-VWJS | E94: 007 | F94: 035 | G94: 007 | H94: VS-VRGC-VWJS | I94: 1 | M94: =J94*K94 -> #VALUE! | N94: =M94+J94*L94+1.5 -> #VALUE!
A95: AV-MZP-Black-S | B95: 化妆包 | C95: 4202920000 | D95: 3|2|化妆包|人造革|AV-MZP-Black-S | E95: 007 | F95: 035 | G95: 007 | H95: AV-MZP-Black-S | I95: 1 | J95: 48 | K95: 0.16 | L95: 0 | M95: =J95*K95 -> 7.68 | N95: =M95+J95*L95+1.5 -> 9.18 | P95: 14 | Q95: 42 | R95: 42 | S95: 60
A96: 0I-AXQL-BREA | B96: 化妆包 | C96: 4202920000 | D96: 3|2|化妆包|人造革|0I-AXQL-BREA | E96: 007 | F96: 035 | G96: 007 | H96: 0I-AXQL-BREA | I96: 1 | M96: =J96*K96 -> #VALUE! | N96: =M96+J96*L96+1.5 -> #VALUE!
A97: O2-BE2U-H44U | B97: 化妆包 | C97: 4202920000 | D97: 3|2|化妆包|人造革|O2-BE2U-H44U | E97: 007 | F97: 035 | G97: 007 | H97: O2-BE2U-H44U | I97: 1 | M97: =J97*K97 -> #VALUE! | N97: =M97+J97*L97+1.5 -> #VALUE!
A98: AV-BB-Black | B98: 斜挎包 | C98: 4202129000 | D98: 3|2|斜挎包|人造革+PVC|AV-CrossB-White | E98: 007 | F98: 035 | G98: 007 | H98: AV-BB-Black | I98: 1 | M98: =J98*K98 -> #VALUE! | N98: =M98+J98*L98+1.5 -> #VALUE!
A99: AV-BB-Blue | B99: 斜挎包 | C99: 4202129000 | D99: 3|2|斜挎包|人造革+PVC|AV-CrossB-White | E99: 007 | F99: 035 | G99: 007 | H99: AV-BB-Blue | I99: 1 | M99: =J99*K99 -> #VALUE! | N99: =M99+J99*L99+1.5 -> #VALUE!
A100: AV-BB-Pink | B100: 斜挎包 | C100: 4202129000 | D100: 3|2|斜挎包|人造革+PVC|AV-CrossB-White | E100: 007 | F100: 035 | G100: 007 | H100: AV-BB-Pink | I100: 1 | M100: =J100*K100 -> #VALUE! | N100: =M100+J100*L100+1.5 -> #VALUE!
A101: AV-BB-Purple | B101: 斜挎包 | C101: 4202129000 | D101: 3|2|斜挎包|人造革+PVC|AV-CrossB-White | E101: 007 | F101: 035 | G101: 007 | H101: AV-BB-Purple | I101: 1 | M101: =J101*K101 -> #VALUE! | N101: =M101+J101*L101+1.5 -> #VALUE!
A102: AV-CDC-W1 | B102: 收纳架 | C102: 3926909090 | D102: 0|2|收纳架|PET|AV-CDC-W1 | E102: 007 | F102: 035 | G102: 007 | H102: AV-CDC-W1 | I102: 1 | M102: =J102*K102 -> #VALUE! | N102: =M102+J102*L102+1.5 -> #VALUE!
A103: AV-CDC-W2-0 | B103: 收纳架 | C103: 3926909090 | D103: 0|2|收纳架|PET|AV-CDC-W2-0 | E103: 007 | F103: 035 | H103: AV-CDC-W2-0 | I103: 1 | M103: =J103*K103 -> #VALUE! | N103: =M103+J103*L103+1.5 -> #VALUE!
A104: AV-CDC-Brush-W2 | B104: 收纳架 | C104: 3926909090 | D104: 0|2|收纳架|PET|AV-CDC-Brush-W2 | E104: 007 | F104: 035 | H104: AV-CDC-Brush-W2 | I104: 1 | M104: =J104*K104 -> #VALUE! | N104: =M104+J104*L104+1.5 -> #VALUE!
...

Sheet FBA仓库代码表
A1: 目的地 | B1: 仓库编码 | C1: 州省 | D1: 邮编 | E1: 地址 | F1: 完整地址 | G1: 国家编码 | H1: 货币编码 | I1: 目的港 | J1: country | K1: Destination
A2: 美国 | B2: SBD2 | C2: CA | D2: 92408 | E2: 1494 S Waterman Ave, San Bernardino | F2: =B2&"-"&E2&","&C2&D2&"- United States" -> SBD2-1494 S Waterman Ave, San Bernardino, CA92408- United States | G2: 502 | H2: 502 | I2: XXX | J2: USA | K2: =I2&" "&J2 -> XXX USA
A3: 美国 | B3: PSC2 | C3: WA | D3: 99301 | E3: 1351 S Road 40 E | F3: =B3&"-"&E3&","&C3&D3&"- United States" -> PSC2-1351 S Road 40 E,WA99301- United States | G3: 502 | H3: 502
A4: 美国 | B4: GEG2 | C4: WA | D4: 99216-6102 | E4: 18007 E Garland Ave | F4: =B4&"-"&E4&","&C4&D4&"- United States" -> GEG2-18007 E Garland Ave,WA99216-6102- United States | G4: 502 | H4: 502
A5: 美国 | B5: BFI1 | C5: WA | D5: 98390 | E5: 1800 140th Avenue E. | F5: =B5&"-"&E5&","&C5&D5&"- United States" -> BFI1-1800 140th Avenue E.,WA98390- United States | G5: 502 | H5: 502
A6: 美国 | B6: BFI7 | C6: WA | D6: 98390 | E6: 1901 140th Ave E | F6: =B6&"-"&E6&","&C6&D6&"- United States" -> BFI7-1901 140th Ave E,WA98390- United States | G6: 502 | H6: 502
A7: 美国 | B7: BFI3 | C7: WA | D7: 98327-9607 | E7: 2700 Center Drive | F7: =B7&"-"&E7&","&C7&D7&"- United States" -> BFI3-2700 Center Drive,WA98327-9607- United States | G7: 502 | H7: 502
A8: 美国 | B8: BFI9 | C8: WA | D8: 98327-7707 | E8: 3230 INTERNATIONAL PL, DUPONT | F8: =B8&"-"&E8&","&C8&D8&"- United States" -> BFI9-3230 INTERNATIONAL PL, DUPONT,WA98327-7707- United States | G8: 502 | H8: 502
A9: 美国 | B9: BFI4 | C9: WA | D9: 98032 | E9: 21005 64th Ave S | F9: =B9&"-"&E9&","&C9&D9&"- United States" -> BFI4-21005 64th Ave S,WA98032- United States | G9: 502 | H9: 502
A10: 美国 | B10: PDX7 | C10: OR | D10: 97317 | E10: 4775 Depot Ct SE | F10: =B10&"-"&E10&","&C10&D10&"- United States" -> PDX7-4775 Depot Ct SE,OR97317- United States | G10: 502 | H10: 502
A11: 美国 | B11: PSC2-UPS | C11: OR | D11: 97242 | E11: 9930 NE Alderwood Rd | F11: =B11&"-"&E11&","&C11&D11&"- United States" -> PSC2-UPS-9930 NE Alderwood Rd,OR97242- United States | G11: 502 | H11: 502
A12: 美国 | B12: PDX6 | C12: OR | D12: 97203 | E12: 15000 N. Lombard St | F12: =B12&"-"&E12&","&C12&D12&"- United States" -> PDX6-15000 N. Lombard St,OR97203- United States | G12: 502 | H12: 502
A13: 美国 | B13: SMF6 | C13: CA | D13: 95837-1109 | E13: 6900 AIRPORT BLVD City SACRAMENTO | F13: =B13&"-"&E13&","&C13&D13&"- United States" -> SMF6-6900 AIRPORT BLVD City SACRAMENTO ,CA 95837-1109- United States | G13: 502 | H13: 502
A14: 美国 | B14: SMF1 | C14: CA | D14: 95835-9505 | E14: 4900 W Elkhorn Blvd | F14: =B14&"-"&E14&","&C14&D14&"- United States" -> SMF1-4900 W Elkhorn Blvd,CA95835-9505- United States | G14: 502 | H14: 502
... A36: 美国 | B36: MIT2 | C36: CA | D36: 93263 | E36: 5408 Express Avenue | F36: =B36&"-"&E36&","&C36&D36&"- United States" -> MIT2-5408 Express Avenue,CA93263- United States | G36: 502 | H36: 502
A37: 美国 | B37: KRB4 | D37: 92571-9722 | E37: Finsterwalder Transport und Logistik GmbH , Schieferstrabe 16 | F37: =B37&"-"&E37&","&C37&D37&"- United States" -> KRB4-Finsterwalder Transport und Logistik GmbH , Schieferstrabe 16,92571-9722- United States | G37: 502 | H37: 502
A38: 美国 | B38: LGB9 | C38: CA | D38: 92571-7901 | E38: 4375 N Perris Blvd | F38: =B38&"-"&E38&","&C38&D38&"- United States" -> LGB9-4375 N Perris Blvd,CA92571-7901- United States | G38: 502 | H38: 502
A39: 美国 | B39: ONT6 | C39: CA | D39: 92551 | E39: 24208 San Michele Rd | F39: =B39&"-"&E39&","&C39&D39&"- United States" -> ONT6-24208 San Michele Rd,CA92551- United States | G39: 502 | H39: 502
A40: 美国 | B40: ONT8 | C40: CA | D40: 92551 | E40: 24300 Nandina Ave | F40: =B40&"-"&E40&","&C40&D40&"- United States" -> ONT8-24300 Nandina Ave,CA92551- United States | G40: 502 | H40: 502
A41: 美国 | B41: LGB6 | C41: CA | D41: 92518-1513 | E41: 20901 Krameria Ave | F41: =B41&"-"&E41&","&C41&D41&"- United States" -> LGB6-20901 Krameria Ave,CA92518-1513- United States | G41: 502 | H41: 502
A42: 美国 | B42: VGT2-UPS备用 | C42: CA | D42: 92518 | E42: 20701 Krameria Avenue | F42: =B42&"-"&E42&","&C42&D42&"- United States" -> VGT2-UPS备用-20701 Krameria Avenue,CA92518- United States | G42: 502 | H42: 502
A43: 美国 | B43: PSP3-UPS | C43: CA | D43: 92518 | E43: 20821 Krameria Avenue | F43: =B43&"-"&E43&","&C43&D43&"- United States" -> PSP3-UPS-20821 Krameria Avenue,CA92518- United States | G43: 502 | H43: 502
A44: 美国 | B44: POC3 | C44: CA | D44: 92509 | E44: 6120 Clinker Drive | F44: =B44&"-"&E44&","&C44&D44&"- United States" -> POC3-6120 Clinker Drive,CA92509- United States | G44: 502 | H44: 502
A45: 美国 | B45: POC3-UPS | C45: CA | D45: 92508 | E45: 6120 Clinker Dr | F45: =B45&"-"&E45&","&C45&D45&"- United States" -> POC3-UPS-6120 Clinker Dr,CA92508- United States | G45: 502 | H45: 502
A46: 美国 | B46: ONT5 | C46: CA | D46: 92408-2606 | E46: 2020 E Central Ave, San Bernardino | F46: =B46&"-"&E46&","&C46&D46&"- United States" -> ONT5-2020 E Central Ave, San Bernardino,CA92408-2606- United States | G46: 502 | H46: 502
A47: 美国 | B47: ONT2 | C47: CA | D47: 92408-0123 | E47: 1910 E central Ave | F47: =B47&"-"&E47&","&C47&D47&"- United States" -> ONT2-1910 E central Ave,CA92408-0123- United States | G47: 502 | H47: 502
A48: 美国 | B48: KRB1 | C48: CA | D48: 92408 | E48: 6001 Bethlehem Blvd | F48: =B48&"-"&E48&","&C48&D48&"- United States" -> KRB1-6001 Bethlehem Blvd,CA92408- United States | G48: 502 | H48: 502
A49: 美国 | B49: JOT1 | C49: CA | D49: 92408 | E49: 1494 S WATERMAN AVE | F49: =B49&"-"&E49&","&C49&D49&"- United States" -> JOT1-1494 S WATERMAN AVE,CA92408- United States | G49: 502 | H49: 502
A50: 美国 | B50: SBD3 | C50: CA | D50: 92407 | E50: 5990 Cajon Blvd | F50: =B50&"-"&E50&","&C50&D50&"- United States" -> SBD3-5990 Cajon Blvd,CA92407- United States | G50: 502 | H50: 502
A51: 美国 | B51: XLX7 | D51: 92394 | E51: 18580 Gateway Dr | F51: =B51&"-"&E51&","&C51&D51&"- United States" -> XLX7-18580 Gateway Dr,92394- United States | G51: 502 | H51: 502
A52: 美国 | B52: SNA4 | C52: CA | D52: 92376-3009 | E52: 2496 W Walnut Ave | F52: =B52&"-"&E52&","&C52&D52&"- United States" -> SNA4-2496 W Walnut Ave,CA92376-3009- United States | G52: 502 | H52: 502
A53: 美国 | B53: LGB7 | C53: CA | D53: 92376-2427 | E53: 1660 N. Linden Avenue | F53: =B53&"-"&E53&","&C53&D53&"- United States" -> LGB7-1660 N. Linden Avenue,CA92376-2427- United States | G53: 502 | H53: 502
A54: 美国 | B54: LGB8 | C54: CA | D54: 92376 | E54: 1568 N Linden Ave | F54: =B54&"-"&E54&","&C54&D54&"- United States" -> LGB8-1568 N Linden Ave,CA92376- United States | G54: 502 | H54: 502
A55: 美国 | B55: ONT9 | C55: CA | D55: 92374 | E55: 2125 W.San Bernandino Ave | F55: =B55&"-"&E55&","&C55&D55&"- United States" -> ONT9-2125 W.San Bernandino Ave,CA92374- United States | G55: 502 | H55: 502
A56: 美国 | B56: LGB4 | C56: CA | D56: 92374 | E56: 27517 Pioneer Avenue | F56: =B56&"-"&E56&","&C56&D56&"- United States" -> LGB4-27517 Pioneer Avenue,CA92374- United States | G56: 502 | H56: 502
A57: 美国 | B57: XLG1 | C57: CA | D57: 92374 | E57: 1901 California St | F57: =B57&"-"&E57&","&C57&D57&"- United States" -> XLG1-1901 California St,CA92374- United States | G57: 502 | H57: 502
A58: 美国 | B58: XON1 | C58: CA | D58: 92374 | E58: 2290 Palmetto Ave 92374 - Redlands | F58: =B58&"-"&E58&","&C58&D58&"- United States" -> XON1-2290 Palmetto Ave 92374 - Redlands,CA92374- United States | G58: 502 | H58: 502
A59: 美国 | B59: LAX9 | C59: CA | D59: 92337 | E59: 11263 Oleander Ave | F59: =B59&"-"&E59&","&C59&D59&"- United States" -> LAX9-11263 Oleander Ave,CA92337- United States | G59: 502 | H59: 502
A60: 美国 | B60: POC1 | C60: CA | D60: 92336-1123 | E60: 4121 LYTLE CREEK RD | F60: =B60&"-"&E60&","&C60&D60&"- United States" -> POC1-4121 LYTLE CREEK RD,CA92336-1123- United States | G60: 502 | H60: 502
A61: 美国 | B61: SBD1 | C61: CA | D61: 92316-3819 | E61: 3388 S Cactus Ave | F61: =B61&"-"&E61&","&C61&D61&"- United States" -> SBD1-3388 S Cactus Ave,CA92316-3819- United States | G61: 502 | H61: 502
A62: 美国 | B62: PSP3 | C62: CA | D62: 92240 | E62: 64165 19th AVE 92240 - DESERT HOT SPRINGS | F62: =B62&"-"&E62&","&C62&D62&"- United States" -> PSP3-64165 19th AVE 92240 - DESERT HOT SPRINGS,CA92240- United States | G62: 502 | H62: 502
A63: 美国 | B63: POC2 | C63: CA | D63: 91761 | E63: 4000 South Hamner Avenue | F63: =B63&"-"&E63&","&C63&D63&"- United States" -> POC2-4000 South Hamner Avenue,CA91761- United States | G63: 502 | H63: 502
A64: 美国 | B64: LGB3 | D64: 91752-5087 | E64: 4501 PATTERSON AVE | F64: =B64&"-"&E64&","&C64&D64&"- United States" -> LGB3-4501 PATTERSON AVE,91752-5087- United States | G64: 502 | H64: 502
A65: 美国 | B65: SNA6 | C65: CA | D65: 91752 | E65: 5250 Goodman Road | F65: =B65&"-"&E65&","&C65&D65&"- United States" -> SNA6-5250 Goodman Road,CA91752- United States | G65: 502 | H65: 502
A66: 美国 | B66: MAG1 | C66: CA | D66: 90045 | E66: 6855 S La Cienega Blvd, Los Angeles | F66: =B66&"-"&E66&","&C66&D66&"- United States" -> MAG1-6855 S La Cienega Blvd, Los Angeles,CA90045- United States | G66: 502 | H66: 502
A67: 美国 | B67: RNO4 | C67: NV | D67: 89506 | E67: 8000 North Virginia Street | F67: =B67&"-"&E67&","&C67&D67&"- United States" -> RNO4-8000 North Virginia Street,NV89506- United States | G67: 502 | H67: 502
A68: 美国 | B68: IVSF | C68: NV | D68: 89115-3477 | E68: 2821 MARION DR STE 109 | F68: =B68&"-"&E68&","&C68&D68&"- United States" -> IVSF-2821 MARION DR STE 109,NV89115-3477- United States | G68: 502 | H68: 502
A69: 美国 | B69: IVSE | C69: NV | D69: 89115-3467 | E69: 2951 MARION DR UNIT 101 | F69: =B69&"-"&E69&","&C69&D69&"- United States" -> IVSE-2951 MARION DR UNIT 101,NV89115-3467- United States | G69: 502 | H69: 502
A70: 美国 | B70: LAS7 | C70: Las Vegas | D70: 89115-1935 | E70: 6001 East Tropical Parkway | F70: =B70&"-"&E70&","&C70&D70&"- United States" -> LAS7-6001 East Tropical Parkway,Las Vegas89115-1935- United States | G70: 502 | H70: 502
A71: 美国 | B71: LAS6 | C71: NV | D71: 89115 | E71: 4550 Nexus Way | F71: =B71&"-"&E71&","&C71&D71&"- United States" -> LAS6-4550 Nexus Way,NV89115- United States | G71: 502 | H71: 502
A72: 美国 | B72: VGT2 | C72: NV | D72: 89115 | E72: 6401 Howdy Wells Ave 89115-2013 - LAS VEGAS | F72: =B72&"-"&E72&","&C72&D72&"- United States" -> VGT2-6401 Howdy Wells Ave 89115-2013 - LAS VEGAS ,NV89115- United States | G72: 502 | H72: 502
A73: 美国 | B73: LAS1 | C73: NV | D73: 89044-8746 | E73: 12300 Bermuda Road | F73: =B73&"-"&E73&","&C73&D73&"- United States" -> LAS1-12300 Bermuda Road,NV89044-8746- United States | G73: 502 | H73: 502
A74: 美国 | B74: ABQ2 | C74: NM | D74: 87031 | E74: 6251 Pioneer Trail NW | F74: =B74&"-"&E74&","&C74&D74&"- United States" -> ABQ2-6251 Pioneer Trail NW,NM87031- United States | G74: 502 | H74: 502
A75: 美国 | B75: GEU3 | C75: AZ | D75: 85396 | E75: 18900 W McDowell Road | F75: =B75&"-"&E75&","&C75&D75&"- United States" -> GEU3-18900 W McDowell Road,AZ85396- United States | G75: 502 | H75: 502
A76: 美国 | B76: GYR2 | C76: AZ | D76: 85395 | E76: GYR2 - 17341 W MINNEZONA AVE 85395-7672 - GOODYEAR | F76: =B76&"-"&E76&","&C76&D76&"- United States" -> GYR2-GYR2 - 17341 W MINNEZONA AVE 85395-7672 - GOODYEAR,AZ85395- United States | G76: 502 | H76: 502
... A114: 美国 | B114: FTW2 | C114: TX | D114: 75019 | E114: 2701 W Bethel Rd | F114: =B114&"-"&E114&","&C114&D114&"- United States" -> FTW2-2701 W Bethel Rd,TX75019- United States | G114: 502 | H114: 502
A115: 美国 | B115: FTW9 | D115: 75019 | E115: 944 West Sandy Lake Road | F115: =B115&"-"&E115&","&C115&D115&"- United States" -> FTW9-944 West Sandy Lake Road,75019- United States | G115: 502 | H115: 502
A116: 美国 | B116: OKC1 | C116: OK | D116: 73159-0003 | E116: 9201 S Portland Avenue | F116: =B116&"-"&E116&","&C116&D116&"- United States" -> OKC1-9201 S Portland Avenue,OK73159-0003- United States | G116: 502 | H116: 502
A117: 美国 | B117: OKC2 | C117: OK | D117: 73159-0003 | E117: OKC2-8991 S Portland Avenue 73159-0003-OKLAHOMA CITY | F117: =B117&"-"&E117&","&C117&D117&"- United States" -> OKC2-OKC2-8991 S Portland Avenue 73159-0003-OKLAHOMA CITY,OK73159-0003- United States | G117: 502 | H117: 502
A118: 美国 | B118: LIT2 | C118: AR | D118: 72117-5026 | E118: LIT2 - 13001 HIGHWAY 70 72117-5026 - NORTH LITTLE ROCK | F118: =B118&"-"&E118&","&C118&D118&"- United States" -> LIT2-LIT2 - 13001 HIGHWAY 70 72117-5026 - NORTH LITTLE ROCK,AR72117-5026- United States | G118: 502 | H118: 502
A119: 美国 | B119: LFT1 | D119: 70520-5976 | E119: 3550 NE EVANGELINE TRWY | F119: =B119&"-"&E119&","&C119&D119&"- United States" -> LFT1-3550 NE EVANGELINE TRWY,70520-5976- United States | G119: 502 | H119: 502
A120: 美国 | B120: ICT2 | D120: 67219-1410 | E120: 7130 N BROADWAY | F120: =B120&"-"&E120&","&C120&D120&"- United States" -> ICT2-7130 N BROADWAY,67219-1410- United States | G120: 502 | H120: 502
A121: 美国 | B121: MCI1 | C121: KS | D121: 66219 | E121: 16851 W 113th St | F121: =B121&"-"&E121&","&C121&D121&"- United States" -> MCI1-16851 W 113th St,KS66219- United States | G121: 502 | H121: 502
A122: 美国 | B122: MCI5 | C122: KS | D122: 66219 | E122: 16851 W 113th St, Lenexa | F122: =B122&"-"&E122&","&C122&D122&"- United States" -> MCI5-16851 W 113th St, Lenexa,KS66219- United States | G122: 502 | H122: 502
A123: 美国 | B123: FOE1 | C123: KS | D123: 66109 | E123: 9400 LEAVENWORTH RD | F123: =B123&"-"&E123&","&C123&D123&"- United States" -> FOE1-9400 LEAVENWORTH RD,KS66109- United States | G123: 502 | H123: 502
A124: 美国 | B124: MKC6 | C124: KS | D124: 66102-3047 | E124: 6925 Riverview Avenue | F124: =B124&"-"&E124&","&C124&D124&"- United States" -> MKC6-6925 Riverview Avenue,KS66102-3047- United States | G124: 502 | H124: 502
A125: 美国 | B125: MKC4 | C125: KS | D125: 66021-9588 | E125: 19645 Waverly Rd | F125: =B125&"-"&E125&","&C125&D125&"- United States" -> MKC4-19645 Waverly Rd,KS66021-9588- United States | G125: 502 | H125: 502
A126: 美国 | B126: STL3 | D126: 65738 | E126: 3200 E Sawyer Rd Republic, MO 65738 | F126: =B126&"-"&E126&","&C126&D126&"- United States" -> STL3-3200 E Sawyer Rd Republic, MO 65738,65738- United States | G126: 502 | H126: 502
A127: 美国 | B127: MCI3 | C127: MO | D127: 64068 | E127: 2361 S. Withers Road | F127: =B127&"-"&E127&","&C127&D127&"- United States" -> MCI3-2361 S. Withers Road,MO64068- United States | G127: 502 | H127: 502
A128: 美国 | B128: STL6 | C128: IL | D128: 62025-2801 | E128: 3931 Lakeview Corporate Drive 62025-2801 - Edwardsville | F128: =B128&"-"&E128&","&C128&D128&"- United States" -> STL6-3931 Lakeview Corporate Drive 62025-2801 - Edwardsville,IL62025-2801- United States | G128: 502 | H128: 502
A129: 美国 | B129: STL4 | C129: IL | D129: 62025 | E129: 3050 GATEWAY COMMERCE CENTER DR S | F129: =B129&"-"&E129&","&C129&D129&"- United States" -> STL4-3050 GATEWAY COMMERCE CENTER DR S,IL62025- United States | G129: 502 | H129: 502
A130: 美国 | B130: HIL2 | C130: IL | D130: 60642-4204 | E130: 1111 N Cherry Ave | F130: =B130&"-"&E130&","&C130&D130&"- United States" -> HIL2-1111 N Cherry Ave,IL60642-4204- United States | G130: 502 | H130: 502
A131: 美国 | B131: MDW9 | C131: IL | D131: 60502 | E131: 2865 Duke Parkway | F131: =B131&"-"&E131&","&C131&D131&"- United States" -> MDW9-2865 Duke Parkway,IL60502- United States | G131: 502 | H131: 502
A132: 美国 | B132: IGQ2 | C132: Illinois (IL) | D132: 60484 | E132: 23257 S. Central Avenue University Park | F132: =B132&"-"&E132&","&C132&D132&"- United States" -> IGQ2-23257 S. Central Avenue University Park,Illinois (IL)60484- United States | G132: 502 | H132: 502
A133: 美国 | B133: MDW6 | C133: IL | D133: 60446-6529 | E133: 1125 W REMINGTON BLVD | F133: =B133&"-"&E133&","&C133&D133&"- United States" -> MDW6-1125 W REMINGTON BLVD,IL60446-6529- United States | G133: 502 | H133: 502
A134: 美国 | B134: 芝加哥-16675 | C134: IL | D134: 60441 | E134: W. Prologis Parkway Suite 300 | F134: =B134&"-"&E134&","&C134&D134&"- United States" -> 芝加哥-16675-W. Prologis Parkway Suite 300,IL60441- United States | G134: 502 | H134: 502
A135: 美国 | B135: MDW2 | C135: IL | D135: 60433-3280 | E135: 250 Emerald Drive | F135: =B135&"-"&E135&","&C135&D135&"- United States" -> MDW2-250 Emerald Drive,IL60433-3280- United States | G135: 502 | H135: 502
A136: 美国 | B136: ORD2 | C136: IL | D136: 60410-8758 | E136: 23714 W Amoco RdCHANNAHON, IL 60410-8758US (ORD2) | F136: =B136&"-"&E136&","&C136&D136&"- United States" -> ORD2-23714 W Amoco RdCHANNAHON, IL 60410-8758US (ORD2),IL60410-8758- United States | G136: 502 | H136: 502
A137: 美国 | B137: ORD6 | C137: IL | D137: 60191 | E137: 1250 N Mittel Blvd | F137: =B137&"-"&E137&","&C137&D137&"- United States" -> ORD6-1250 N Mittel Blvd,IL60191- United States | G137: 502 | H137: 502
A138: 美国 | B138: RFD2 | C138: IL | D138: 60142 | E138: RFD2 - 11500 Freeman Road 60142 - HUNTLEY | F138: =B138&"-"&E138&","&C138&D138&"- United States" -> RFD2-RFD2 - 11500 Freeman Road 60142 - HUNTLEY,IL60142- United States | G138: 502 | H138: 502
... A155: 美国 | B155: SDF8 | C155: IN | D155: 47130 | E155: 900 Patrol Rd | F155: =B155&"-"&E155&","&C155&D155&"- United States" -> SDF8-900 Patrol Rd,IN47130- United States | G155: 502 | H155: 502
A156: 美国 | B156: FWA4 | D156: 46809-9771 | E156: 9798 Smith Road | F156: =B156&"-"&E156&","&C156&D156&"- United States" -> FWA4-9798 Smith Road,46809-9771- United States | G156: 502 | H156: 502
A157: 美国 | B157: PPO4 | C157: IN | D157: 46307 | E157: 9850 Mississippi Street | F157: =B157&"-"&E157&","&C157&D157&"- United States" -> PPO4-9850 Mississippi Street,IN46307- United States | G157: 502 | H157: 502
A158: 美国 | B158: IND4 | C158: IN | D158: 46231 | E158: 710 S. Girls School Rd | F158: =B158&"-"&E158&","&C158&D158&"- United States" -> IND4-710 S. Girls School Rd,IN46231- United States | G158: 502 | H158: 502
A159: 美国 | B159: MQJ2 | D159: 46184-9108 | E159: 19 BOB GLIDDEN BLVD 46184-9108 - WHITELAND | F159: =B159&"-"&E159&","&C159&D159&"- United States" -> MQJ2-19 BOB GLIDDEN BLVD 46184-9108 - WHITELAND,46184-9108- United States | G159: 502 | H159: 502
A160: 美国 | B160: IND2 | C160: IN | D160: 46168 | E160: 715 Airtech Pkwy | F160: =B160&"-"&E160&","&C160&D160&"- United States" -> IND2-715 Airtech Pkwy,IN46168- United States | G160: 502 | H160: 502
A161: 美国 | B161: IND3 | C161: IN | D161: 46168 | E161: 715 Airtech Pkwy Suite 195 | F161: =B161&"-"&E161&","&C161&D161&"- United States" -> IND3-715 Airtech Pkwy Suite 195,IN46168- United States | G161: 502 | H161: 502
A162: 美国 | B162: IND5 | C162: IN | D162: 46168 | E162: 800 Perry Road | F162: =B162&"-"&E162&","&C162&D162&"- United States" -> IND5-800 Perry Road,IN46168- United States | G162: 502 | H162: 502
A163: 美国 | B163: MQJ1-UPS | C163: IN | D163: 46168 | E163: 4412 W 300 RD N | F163: =B163&"-"&E163&","&C163&D163&"- United States" -> MQJ1-UPS-4412 W 300 RD N,IN46168- United States | G163: 502 | H163: 502
A164: 美国 | B164: IND9 | C164: IN | D164: 46143-7830 | E164: 1151 S GRAHAM RD | F164: =B164&"-"&E164&","&C164&D164&"- United States" -> IND9-1151 S GRAHAM RD,IN46143-7830- United States | G164: 502 | H164: 502
A165: 美国 | B165: MQJ1 | C165: IN | D165: 46140-7099 | E165: 4412 W 300 N 46140-7099 - GREENFIELD | F165: =B165&"-"&E165&","&C165&D165&"- United States" -> MQJ1-4412 W 300 N 46140-7099 - GREENFIELD,IN46140-7099- United States | G165: 502 | H165: 502
A166: 美国 | B166: IND1 | C166: IN | D166: 46075 | E166: 4255 Anson Blvd | F166: =B166&"-"&E166&","&C166&D166&"- United States" -> IND1-4255 Anson Blvd,IN46075- United States | G166: 502 | H166: 502
A167: 美国 | B167: CMH3 | C167: OH | D167: 45050 | E167: 700 GATEWAY BLVD | F167: =B167&"-"&E167&","&C167&D167&"- United States" -> CMH3-700 GATEWAY BLVD,OH45050- United States | G167: 502 | H167: 502
A168: 美国 | B168: AKR1 | D168: 44705 | E168: 4747 Rebar Ave NE CANTON | F168: =B168&"-"&E168&","&C168&D168&"- United States" -> AKR1-4747 Rebar Ave NE CANTON,44705- United States | G168: 502 | H168: 502
A169: 美国 | B169: CLE3 | C169: OH | D169: 44132 | E169: 1155 Babbitt Road | F169: =B169&"-"&E169&","&C169&D169&"- United States" -> CLE3-1155 Babbitt Road,OH44132- United States | G169: 502 | H169: 502
A170: 美国 | B170: PCW1 | C170: OH | D170: 43460-1706 | E170: 27400 Crossroads Parkway | F170: =B170&"-"&E170&","&C170&D170&"- United States" -> PCW1-27400 Crossroads Parkway,OH43460-1706- United States | G170: 502 | H170: 502
A171: 美国 | B171: CMH2 | C171: OH | D171: 43125 | E171: 6050 Gateway Court | F171: =B171&"-"&E171&","&C171&D171&"- United States" -> CMH2-6050 Gateway Court,OH43125- United States | G171: 502 | H171: 502
A172: 美国 | B172: CMH1 | C172: OH | D172: 43062-7793 | E172: 11999 National Road SW | F172: =B172&"-"&E172&","&C172&D172&"- United States" -> CMH1-11999 National Road SW,OH43062-7793- United States | G172: 502 | H172: 502
A173: 美国 | B173: CMH7 | C173: OH | D173: 43054-7762 | E173: 1245 BEECH RD SW 43054-7762 - NEW ALBANY | F173: =B173&"-"&E173&","&C173&D173&"- United States" -> CMH7-1245 BEECH RD SW 43054-7762 - NEW ALBANY,OH43054-7762- United States | G173: 502 | H173: 502
A174: 美国 | B174: SDF1 | C174: KY | D174: 42718 | E174: 1050 South Columbia | F174: =B174&"-"&E174&","&C174&D174&"- United States" -> SDF1-1050 South Columbia,KY42718- United States | G174: 502 | H174: 502
...
